palabra,puntuacion;
culpa,-2;
culpar,-2;
aborda,1;
abordo,1;
abandona,-2;
abandonada,-2;
abandonado,-2;
abandonar,-2;
abatida,-2;
abatida,-3;
abatido,-2;
abatido,-3;
aborrece,-3;
aborrecer,-3;
aborrecible,-3;
aborrecida,-3;
aborrecido,-3;
abraza,2;
abrazo,2;
abrazos,2;
abriga,2;
absolver,2;
absolvienda,2;
absolviendo,2;
absorbida,1;
absorbido,1;
absorta,1;
absorto,1;
absueltas,2;
absueltos,2;
absuelve,2;
aburrida,-3;
aburrido,-3;
aburrir,-2;
abusa,-3;
abusada,-3;
abusado,-3;
abusiva,-3;
abusivo,-3;
abuso,-3;
abusos,-3;
acaparador,-2;
acaparamienta,-2;
acaparamiento,-2;
accidental,-2;
accidentalmente,-2;
accidente,-2;
accidentes,-2;
acecha,-1;
acechanda,-1;
acechando,-1;
acepta,1;
aceptada,1;
aceptada,-1;
aceptado,1;
aceptado,-1;
aceptar,1;
aclamaciones,2;
aclara,2;
acosa,-2;
acosada,-2;
acosado,-2;
acoso,-2;
activa,1;
activa,2;
activo,1;
activo,2;
acuchillada,-2;
acuchillado,-2;
acuerda,1;
acuerdo,1;
acusa,-2;
acusacion,-2;
acusaciones,-2;
acusada,-2;
acusado,-2;
acusanda,-2;
acusando,-2;
acusar,-2;
adecuada,1;
adecuado,1;
admira,3;
admirar,3;
admirativa,3;
admirativo,3;
admite,-1;
admitir,-1;
adoctrina,-2;
adoctrinadas,-2;
adoctrinados,-2;
adoctrinar,-2;
adopta,1;
adoptar,1;
adora,3;
adorable,3;
adorada,3;
adorado,3;
adorar,3;
advertencia,-3;
advertencias,-3;
advertir,-2;
advierte,-2;
afable,2;
afecta,3;
afectada,-1;
afectado,-1;
afecto,3;
aficionada,2;
aficionado,2;
afilada,1;
afilado,1;
afirmativamente,2;
afligida,-1;
afligida,-2;
afligido,-1;
afligido,-2;
afortunada,2;
afortunado,2;
afrentada,-1;
afrentado,-1;
agobiada,-2;
agobiado,-2;
agoniza,-3;
agoniza,-3;
agonizada,-3;
agonizada,-3;
agonizado,-3;
agonizado,-3;
agonizante,-3;
agonizante,-3;
agonizar,-3;
agonizar,-3;
agotada,-2;
agotada,-2;
agotado,-2;
agotado,-2;
agradable,2;
agradable,3;
agradecida,3;
agradecida,2;
agradecido,3;
agradecido,2;
agrava,-2;
agravada,-2;
agravado,-2;
agravante,-2;
agravar,-2;
agresion,-2;
agresiones,-2;
agresiva,-2;
agresivo,-2;
agresor,-1;
aguante,2;
ahoga,-2;
ahoga,-2;
ahogar,-2;
ahogo,-2;
ahogue,-2;
airada,-3;
airado,-3;
aislada,-1;
aislado,-1;
ajuste,1;
alabada,3;
alabado,3;
alabanda,3;
alabando,3;
alabanza,3;
alabanzas,3;
alarma,-2;
alarmada,-2;
alarmado,-2;
alarmista,-2;
alarmistas,-2;
alborota,-2;
alboroto,-2;
alcances,1;
alcanzada,1;
alcanzado,1;
alcanzar,1;
aleccionadora,1;
alegrarse,4;
alegre,3;
alegremente,3;
alegria,4;
alentada,2;
alentado,2;
alentar,2;
alergica,-2;
alergico,-2;
alerta,-1;
alguna,0;
alguno,0;
alicaida,-2;
alicaido,-2;
alienacion,-2;
alienta,2;
alivia,2;
aliviada,2;
aliviada,3;
aliviado,2;
aliviado,3;
aliviar,1;
alivio,2;
amable,3;
amada,3;
amada,3;
amado,3;
amado,3;
amarga,-2;
amargada,-2;
amargado,-2;
amargamente,-2;
amargo,-2;
ambiciosa,2;
ambicioso,2;
ambivalente,-1;
amenaza,-2;
amenaza,-2;
amenaza,-2;
amenazada,-2;
amenazadas,-2;
amenazado,-2;
amenazados,-2;
amenazante,-2;
amenazar,-2;
amenazas,-2;
amistosa,2;
amistoso,2;
amonestada,-2;
amonestado,-2;
amonestar,-2;
amontonar,-1;
amor,3;
amordazada,-2;
amordazado,-2;
amorosa,2;
amoroso,2;
ampliar,1;
analfabetisma,-2;
analfabetismo,-2;
angers,-3;
angustia,-3;
angustia,-2;
angustiada,-3;
angustiado,-3;
angustias,-2;
angustiosa,-2;
angustiosa,-3;
angustioso,-2;
angustioso,-3;
anhela,1;
anhelo,1;
anima,2;
animada,2;
animada,2;
animada,2;
animado,2;
animado,2;
animado,2;
animar,2;
animo,2;
animosidad,-2;
ansia,-1;
ansiedad,-2;
ansiosa,-2;
entusiasmada,2;
ansioso,-2;
entusiasmado,2;
antagonista,-2;
anti,-1;
anticipacion,1;
apaciguada,2;
apaciguado,2;
apaciguamienta,2;
apaciguamiento,2;
apaciguar,2;
apareja,-1;
aparejada,-1;
aparejado,-1;
aparejo,-1;
apasionada,2;
apasionado,2;
apatia,-3;
apatica,-3;
apatico,-3;
apenada,-2;
apenado,-2;
apeshit,-3;
aplaca,2;
aplasta,-1;
aplastada,-2;
aplastante,-1;
aplastar,-1;
aplaude,2;
aplaudida,2;
aplaudienda,2;
aplaudiendo,2;
aplaudir,2;
aplausos,2;
aplausos,2;
aplazar,-1;
apocaliptica,-2;
apocaliptico,-2;
apoya,2;
apoya,2;
apoya,2;
apoyo,2;
apoyo,2;
apoyo,2;
aprecia,2;
apreciacion,2;
apreciada,2;
apreciada,-2;
apreciado,2;
apreciado,-2;
aprecianda,2;
aprecianda,2;
apreciando,2;
apreciando,2;
apreciar,2;
apreciar,2;
aprensiva,-2;
aprensivo,-2;
aprobacion,2;
aprobacion,2;
aprobada,2;
aprobado,2;
aprueba,2;
aptitud,1;
ardiente,1;
arrastra,-1;
arrastrada,-1;
arrastrado,-1;
arrastrar,-1;
arreglada,-1;
arreglado,-1;
arrepentida,-2;
arrepentido,-2;
arrepentimientos,-2;
arrestar,-2;
arrinconada,-2;
arrinconado,-2;
arrogante,-2;
arruinada,-3;
arruinada,-2;
arruinado,-3;
arruinado,-2;
arruinanda,-2;
arruinando,-2;
asca,-3;
asco,-3;
asegura,2;
asegurada,2;
asegurado,2;
aseguranda,1;
asegurando,1;
asegurar,1;
asesina,-2;
asesina,-3;
asesinata,-3;
asesinata,-3;
asesinata,-2;
asesinata,-3;
asesinato,-3;
asesinato,-3;
asesinato,-2;
asesinato,-3;
asesinatos,-3;
asesinatos,-2;
asesino,-2;
asesino,-3;
asfixia,-2;
asombra,3;
asombra,2;
asombrada,2;
asombrada,2;
asombrada,3;
asombrado,2;
asombrado,2;
asombrado,3;
asombrar,3;
asombro,2;
asombrosa,4;
asombrosa,3;
asombrosa,5;
asombroso,4;
asombroso,3;
asombroso,5;
asquerosa,-3;
asquerosa,-3;
asquerosa,-2;
asqueroso,-3;
asqueroso,-3;
asqueroso,-2;
assfucking,-4;
astucia,-2;
astuta,-2;
astuto,-2;
asuntos,1;
asustada,-2;
asustada,-2;
asustada,-2;
asustadiza,-1;
asustadizo,-1;
asustado,-2;
asustado,-2;
asustado,-2;
atacada,-1;
atacado,-1;
ataque,-1;
ataques,-1;
atascada,-2;
atascado,-2;
aterrada,-2;
aterrado,-2;
aterrador,-3;
aterroriza,-3;
aterrorizada,-3;
aterrorizada,-3;
aterrorizado,-3;
aterrorizado,-3;
aterrorizar,-3;
atornillada,-2;
atornillado,-2;
atraccion,2;
atracciones,2;
atractiva,3;
atractiva,1;
atractivo,3;
atractivo,1;
atrae,1;
atraer,1;
atraida,1;
atraido,1;
atrapada,-2;
atrapado,-2;
atrayenda,2;
atrayendo,2;
atrevida,2;
atrevido,2;
atropella,-3;
atropello,-3;
aturdida,-2;
aturdido,-2;
audaz,3;
audaz,2;
aumenta,1;
aumentada,1;
aumentado,1;
aumentar,1;
ausencia,-2;
ausente,-1;
ausentes,-1;
autoengañada,-2;
autor,-2;
autores,-2;
autoridad,1;
avanzada,1;
avanzado,1;
avecina,-1;
aventuras,2;
aventuras,2;
aventurera,2;
aventurero,2;
avergonzada,-2;
avergonzado,-2;
avergonzar,-2;
aversion,-3;
avida,2;
avido,2;
axed,-1;
ay,-1;
ayuda,2;
ayuda,2;
bamboozles,-2;
bancadas,-2;
bankster,-3;
cuchillada,-2;
barras,-2;
barrera,-2;
bastarda,-5;
bastardas,-5;
bastardo,-5;
bastardos,-5;
batalla,-1;
batallas,-1;
beatifica,3;
beatifico,3;
bellezas,3;
bendecir,2;
bendice,2;
bendicion,3;
bendicion,4;
beneficia,2;
beneficiada,2;
beneficiado,2;
beneficianda,2;
beneficiando,2;
beneficio,2;
beneficios,2;
bereaves,-2;
bereaving,-2;
besa,2;
beso,2;
bien,2;
bienes,2;
bienvenida,2;
bienvenida,2;
bienvenida,2;
bienvenido,2;
bloquea,-1;
bloquear,-1;
bloqueo,-1;
bloques,-1;
boicoteada,-2;
boicoteado,-2;
boicoteanda,-2;
boicoteando,-2;
boicotear,-2;
boicots,-2;
bomba,-1;
bondad,3;
bonita,1;
bonita,3;
bonito,3;
borra,1;
borracha,-2;
borracho,-2;
borrosa,-2;
borroso,-2;
boyante,2;
brilla,1;
brillante,1;
brillante,4;
brillar,3;
brillo,1;
broma,2;
bruta,-2;
bruto,-2;
buen,3;
buena,3;
bueno,3;
buenas,3;
buenos,3;
buque insignia,2;
bureada,-2;
bureado,-2;
burla,-2;
burla,-2;
burla,-2;
burlada,-2;
burlado,-2;
burlon,-2;
burra,-4;
burro,-4;
cabezas de turca,-2;
cabezas de turco,-2;
cabildea,-2;
cabildeo,-2;
cabizbaja,-2;
cabizbajo,-2;
cabron,-4;
cabron,-3;
cadaver,-1;
cagada,-3;
cagado,-3;
caida,-2;
caido,-2;
desgraciado,-2;
desgraciada,-2;
calambre,-1;
calentar,1;
calma,2;
calmada,2;
calmado,2;
calmante,2;
calmar,3;
calor,2;
cancela,-1;
cancelada,-1;
cancelado,-1;
cancelar,-1;
cancer,-1;
candidez,-2;
cansada,-2;
cansado,-2;
caos,-2;
caotica,-2;
caotico,-2;
capacidad,2;
capaz,1;
caprichosa,1;
caprichoso,1;
carcajadas,-2;
carga,-2;
cargada,-3;
cargado,-3;
cargas,-2;
cargos,-2;
cariña,2;
cariño,2;
cariñosa,3;
cariñoso,3;
caso omiso,-2;
castiga,-3;
castigada,-3;
castigado,-3;
castigadora,-3;
castigar,-3;
catastrofe,-3;
catastrofica,-4;
catastrofico,-4;
cautelosa,-1;
cauteloso,-1;
cautivada,3;
cautivado,3;
cautivar,3;
celebra,3;
celebrada,3;
celebrado,3;
celebranda,3;
celebrando,3;
celebrar,3;
celestial,4;
celos,-1;
celosa,-2;
celoso,-2;
censores,-2;
censurada,-2;
censurado,-2;
censurar,-2;
ceñuda,-1;
ceñudo,-1;
cernia,-1;
cerveza negra,2;
chagrined,-2;
chiflado por,2;
chispa,1;
chistes,2;
chistosa,2;
chistoso,2;
chivo expiatorio,-2;
chocante,-2;
chocar,-1;
choque,-2;
choques,-2;
chupa,-3;
chupar,-3;
ciega,-1;
ciego,-1;
ciela,2;
cielo,2;
cierta,2;
cierto,2;
cinica,-2;
cinico,-2;
cinisma,-2;
cinismo,-2;
clara,1;
claramente,1;
claridad,2;
claro,1;
coaccionada,-2;
coaccionado,-2;
cobarde,-2;
cobardemente,-2;
cobrar,-2;
cocksuckers,-5;
codicia,-3;
codiciosa,-2;
codicioso,-2;
coja,-2;
cojo,-2;
colapsa,-2;
colapsada,-2;
colapsado,-2;
colapso,-2;
colapsos,-2;
colerica,-3;
colerico,-3;
colision,-2;
colisiona,-1;
colisionando,-1;
colisiones,-2;
colusion,-3;
combate,-1;
combates,-1;
comedia,1;
cometer,1;
comoda,2;
comodidad,2;
comodidades,2;
comodo,2;
compadecimos,-1;
comparte,1;
compartida,1;
compartido,1;
compartir,1;
compasiva,2;
compasivo,2;
competente,2;
competitiva,2;
competitivo,2;
complacencia,2;
compromete,1;
comprometida,1;
comprometido,1;
comprometiendose,1;
compromisa,2;
compromiso,2;
con toda tranquilidad,2;
conceder,1;
concedida,1;
concedido,1;
concesion,1;
concilia,2;
conciliada,2;
conciliado,2;
conciliando,2;
conciliar,2;
condena,-2;
condenacion,-2;
condenada,-2;
condenado,-2;
condenar,-2;
confiable,2;
confiada,2;
confiado,2;
confianza,2;
confidente,2;
conflictiva,-2;
conflictivo,-2;
conflicto,-2;
conflictos,-2;
confundir,-2;
confusa,-2;
confuso,-2;
confundida,-2;
confundido,-2;
conmocionada,-2;
conmocionado,-2;
consentimiento,2;
consentimientos,2;
consolable,2;
consolador,2;
conspiracion,-3;
consternadas,-2;
consternados,-2;
constreñida,-2;
constreñido,-2;
consumada,2;
consumado,2;
contagia,-2;
contagio,-2;
contagios,-2;
contagiosa,-1;
contagioso,-1;
contamina,-2;
contamina,-2;
contaminada,-2;
contaminado,-2;
contaminadores,-2;
contaminar,-2;
contenciosa,-2;
contencioso,-2;
contender,-1;
contendienda,-1;
contendiendo,-1;
contendiente,-1;
contenta,3;
contento,3;
contestable,-2;
contradictoria,-2;
contradictorio,-2;
contratar,1;
convence,1;
convencer,1;
convencida,1;
convencido,1;
convenida,1;
convenido,1;
coña,-5;
coño,-5;
corazon pesada,-2;
corazon pesado,-2;
correo no deseado,-2;
cortar,-1;
corte,-1;
cortejar,3;
cortes,2;
cortes,3;
cortesia,2;
cosas interesantes,3;
costosa,-2;
costoso,-2;
creativa,2;
creativo,2;
creciente,1;
crecimienta,2;
crecimiento,2;
credula,-2;
credulo,-2;
crimen,-3;
criminal,-3;
criminales,-3;
crisis,-3;
critica,-2;
critica,-2;
critica,-2;
criticada,-2;
criticado,-2;
criticar,-2;
criticar,-2;
critico,-2;
criticos,-2;
cruel,-3;
crueldad,-3;
cubrir,-3;
cuchara,3;
cuchillada,-2;
cuestionable,-2;
cuestionada,-2;
cuestionado,-2;
cuidada,2;
cuidadas,2;
cuidado,2;
cuidados,2;
cuidadosa,2;
cuidadosamente,2;
cuidadoso,2;
culo,-4;
culpa,-3;
culpable,-3;
culpada,-2;
culpanda,-2;
culpando,-2;
cumple,2;
cumplida,2;
cumplido,2;
cumplir,2;
curiosa,1;
curiosa,-2;
curioso,1;
curioso,-2;
daña,-2;
daña,-2;
dañar,-3;
daño,-2;
daño,-2;
daños,-2;
daños y perjuicios,-3;
de buen tona,3;
de buen tono,3;
de mierda,-3;
de poco merito,-2;
debil,-2;
debiles,-2;
debilidad,-2;
debilitante,-2;
decepcion,-2;
decepciona,-2;
decepcionada,-2;
decepcionado,-2;
decepcionante,-2;
decepcionar,-2;
decepciones,-2;
decir ah,2;
decisiva,1;
decisivo,1;
dedicada,2;
dedicado,2;
defecta,-3;
defecta,-2;
defecto,-3;
defecto,-2;
defectos,-3;
defensor,2;
defensores,2;
deficit,-2;
defraudador,-4;
defraudadores,-4;
degrada,-2;
degradada,-2;
degradado,-2;
degradar,-2;
dejar,-1;
dejecting,-2;
dejects,-2;
delanteros,-2;
deleitanda,3;
deleitando,3;
deleite,3;
delicada,-3;
delicado,-3;
delicias,3;
delincuente,-2;
delita,-3;
delito,-3;
delitos,-3;
demanda,-1;
demanda judicial,-2;
demandar,-2;
demandas,-1;
demandas,-2;
demostracion,-1;
denuncia,-2;
denunciar,-2;
deprimente,-2;
deprimida,-2;
deprimido,-2;
derecha,1;
derecho,1;
deriding,-2;
derrotada,-2;
derrotado,-2;
desacreditada,-2;
desafiante,-1;
desagradable,-3;
desairada,-2;
desairado,-2;
desaire,-2;
desaires,-2;
desaloja,-1;
desalojo,-1;
desanimada,-2;
desanimada,-2;
desanimado,-2;
desanimado,-2;
desaparece,-1;
desaparecer,-1;
desaparecida,-1;
desaparecida,-2;
desaparecido,-1;
desaparecido,-2;
desasosiega,-2;
desasosiego,-2;
desastre,-2;
desastres,-2;
desastrosa,-3;
desastroso,-3;
desatiende,-2;
descalificada,-2;
descalificado,-2;
descarrila,-2;
descarrilada,-2;
descarrilado,-2;
descartada,-1;
descartado,-1;
descarte,-1;
descarte,-1;
descartes,-1;
desconcertada,-2;
desconcertado,-2;
desconectada,-1;
desconectado,-1;
desconfiada,-3;
desconfiado,-3;
desconfianza,-3;
desconsiderada,-2;
desconsiderada,-2;
desconsiderado,-2;
desconsiderado,-2;
desconsolada,-2;
desconsolada,-2;
desconsolado,-2;
desconsolado,-2;
desconsuela,-2;
desconsuelo,-2;
descontenta,-2;
descontento,-2;
descorazonada,-2;
descorazonado,-2;
descuenta,-1;
descuento,-1;
descuida,-2;
descuidada,-2;
descuidada,-2;
descuidado,-2;
descuidado,-2;
descuido,-2;
desden,-2;
desden,-2;
desdeñosa,-2;
desdeñosa,-2;
desdeñosamente,-2;
desdeñoso,-2;
desdeñoso,-2;
desea,1;
desea,1;
deseable,2;
deseada,2;
deseado,2;
deseanda,1;
deseando,1;
desemplea,-2;
desempleo,-2;
desenfocada,-2;
desenfocado,-2;
deseo,1;
deseo,1;
deseos,1;
deseosa,2;
deseoso,2;
desesperacion,-3;
desesperacion,-2;
desesperaciones,-3;
desesperada,-3;
desesperada,-3;
desesperadamente,-3;
desesperado,-3;
desesperado,-3;
desestimacion,-1;
desestructurada,-2;
desestructurado,-2;
desfases,-2;
desgracia,-2;
deshecha,-1;
deshecho,-1;
deshonesta,-2;
deshonesto,-2;
deshumaniza,-2;
deshumanizada,-2;
deshumanizado,-2;
deshumanizante,-2;
deshumanizar,-2;
desigual,-1;
desilusionada,-2;
desilusionado,-2;
desinformacion,-2;
desmoralizada,-2;
desmoralizado,-2;
desmotivada,-2;
desmotivado,-2;
desorientada,-2;
desorientado,-2;
despectiva,-2;
despectivo,-2;
despedida,-2;
despedido,-2;
despejada,1;
despejado,1;
desperdicios,-2;
despistadas,-2;
despistados,-2;
despotricar,-3;
desprecia,-2;
desprecio,-2;
despreocupada,1;
despreocupada,-2;
despreocupado,1;
despreocupado,-2;
destellos,3;
desterrar,-1;
destrozada,-2;
destruccion,-3;
destructiva,-3;
destructivo,-3;
destruida,-3;
destruido,-3;
destruir,-3;
destruye,-3;
destruyenda,-3;
destruyendo,-3;
desventaja,-2;
desventaja,-2;
desventurada,-2;
desventurado,-2;
detencion,-2;
detenciones,-2;
detener,-2;
detener,-1;
detenida,-3;
detenida,-2;
detenida,-1;
detenido,-3;
detenido,-2;
detenido,-1;
determinada,2;
determinado,2;
detestada,-3;
detestado,-3;
detestar,-3;
deuda,-2;
devastada,-2;
devastado,-2;
devastador,-2;
devastar,-2;
devota,3;
devoto,3;
diamante,1;
difamatoria,-2;
difamatorio,-2;
dificil,-1;
dificil,-1;
dificil,-2;
difirienda,-1;
difiriendo,-1;
digna,2;
digno,2;
dilema,-1;
dios,1;
dipshit,-3;
direccion correcta,3;
discordia,-2;
disculpa,-1;
disculpando,-1;
disculpar,-1;
disculpo,-1;
disfraces,-1;
disfraz,-1;
disfrazada,-1;
disfrazado,-1;
disfruta,2;
disfrutando,2;
disfrutar,2;
disfuncion,-2;
disgusta,-2;
disgustada,-3;
disgustado,-3;
disgusto,-2;
disinclined,-2;
dispara,-2;
disparar,-1;
disparates,-2;
disparo,-2;
disputa,-2;
disputanda,-2;
disputando,-2;
disputas,-2;
disrespected,-2;
disruptiva,-2;
disruptivo,-2;
distorsiona,-2;
distorsionada,-2;
distorsionado,-2;
distorsionar,-2;
distorsionista,-2;
distraccion,-2;
distrae,-2;
distraer,-2;
distraida,-2;
distraido,-2;
disturbios,-2;
diversion,3;
diversiones,3;
divertida,4;
divertidisima,2;
divertidisimo,2;
divertido,4;
dolor,-2;
dolorida,-2;
dolorido,-2;
dolorosa,-2;
doloroso,-2;
ducha,-3;
duda,-1;
dudada,-1;
dudado,-1;
dudas,-1;
dudosa,-2;
dudoso,-2;
duele,-2;
dulce,2;
dura,-2;
duro,-2;
arruinar,-2;
eficaz,2;
eficazmente,2;
egoisma,-3;
egoismo,-3;
egoista,-3;
ejecuciones,-2;
corazon roto,-3;
elacion,3;
elegante,2;
elegante,2;
elegante,2;
elogiada,2;
elogiado,2;
elogiar,2;
embaraza,-2;
embarazosa,-2;
embarazoso,-2;
embaucar,-2;
embellecer,3;
emergencia,-2;
emocion,3;
emocionada,2;
emocionada,3;
emocionado,2;
emocionado,3;
emocionante,3;
empalaga,-3;
empatica,2;
empatico,2;
empeora,-3;
empeorada,-3;
empeorado,-3;
empeoramienta,-3;
empeoramiento,-3;
empeorar,-3;
empequeñecer,-2;
empollanda,-2;
empollando,-2;
emprendedor,1;
arruinada,-2;
arruinado,-2;
encalar,-3;
encanta,3;
encantada,2;
encantada,3;
encantadas,5;
encantado,3;
encantador,3;
encantador,3;
encantados,5;
encanto,3;
encarcelada,-2;
encarcelada,-2;
encarcelado,-2;
encarcelado,-2;
enconada,-2;
enconado,-2;
endosada,2;
endosado,2;
endosar,2;
enemiga,-2;
enemigo,-2;
enemigos,-2;
enemigos,-3;
energetica,2;
energetico,2;
energica,2;
energica,2;
energico,2;
energico,2;
enfada,-3;
enfado,-3;
enferma,-2;
enfermedad,-2;
enfermedades,-2;
enfermo,-2;
enfermos,-2;
enfocada,2;
enfocado,2;
enfurece,-2;
enfurecedora,-2;
enfurecer,-2;
enfurecer,-2;
enfurecida,-2;
enfurecida,-2;
enfurecido,-2;
enfurecido,-2;
engancha,1;
engaña,-3;
engaña,-3;
engaña,-3;
engañada,-2;
engañada,-3;
engañada,-3;
engañada,-2;
engañado,-2;
engañado,-3;
engañado,-3;
engañado,-2;
engañar,-3;
engañar,-3;
engañar,-2;
engaño,-3;
engaño,-3;
engañosa,-3;
engañosa,-3;
engañosa,-3;
engañoso,-3;
engañoso,-3;
engañoso,-3;
engreida,-2;
engreido,-2;
enhorabuena,2;
enjuicia,-1;
enjuiciamienta,-1;
enjuiciamiento,-1;
enjuiciar,-1;
enloquecedor,-3;
enojada,-3;
enojada,-3;
enojado,-3;
enojado,-3;
enorme,1;
enrages,-2;
ensordecedor,-1;
entretener,3;
entretenida,2;
entretenido,2;
entristecer,-2;
entristecida,-2;
entristecido,-2;
entumecida,-1;
entumecido,-1;
entusiasta,3;
envenenada,-2;
envenenado,-2;
envidia,-1;
envidias,-1;
envidiosa,-2;
envidioso,-2;
equivocada,-2;
equivocado,-2;
erronea,-2;
erroneo,-2;
error,-2;
error,-2;
errores,-2;
errores,-2;
erupcion,-2;
apenar,-2;
escalofriante,-1;
escandala,-3;
escandalo,-3;
escandalos,-3;
escandalosa,-3;
escandaloso,-3;
escapa,-1;
escapar,-1;
escapar,-1;
escasez,-2;
escasez,-2;
esceptica,-2;
esceptica,-2;
esceptica,-2;
escepticisma,-2;
escepticismo,-2;
esceptico,-2;
esceptico,-2;
esceptico,-2;
escepticos,-2;
esclarecedor,2;
esclavitud,-3;
esclaviza,-2;
esclavizada,-2;
esclavizado,-2;
esclavizar,-2;
esconde,-1;
esconder,-1;
escondida,-1;
escondido,-1;
escoria,-4;
esmeradamente,2;
espalda,1;
espantada,-2;
espantado,-2;
espantosa,-2;
espantoso,-2;
especulativa,-2;
especulativo,-2;
espera,-1;
esperada,-1;
esperado,-1;
esperanda,2;
esperando,2;
esperanza,2;
esperanzada,2;
esperanzado,2;
esperanzas,2;
esperar,-1;
espinosa,-2;
espinoso,-2;
espiritu,1;
esplendida,3;
esplendido,3;
espumosa,3;
espumoso,3;
esta de acuerda,1;
esta de acuerdo,1;
esta de duelo,-2;
estable,2;
establecida,1;
establecido,1;
estafa,-2;
estafa,-3;
estafas,-2;
estafas,-3;
estampida,-2;
estancada,-2;
estancado,-2;
estancamienta,-2;
estancamiento,-2;
acecha,-1;
acecho,-1;
estereotipa,-2;
estereotipo,-2;
esteriotipada,-2;
esteriotipado,-2;
estimada,3;
estimada,2;
estimado,3;
estimado,2;
estimula,1;
estimulada,1;
estimulado,1;
estimulante,3;
estimulante,2;
estimular,1;
estragos,-2;
estrangulada,-2;
estrangulada,-2;
estrangulado,-2;
estrangulado,-2;
estranguladores,-2;
estresada,-2;
estresado,-2;
estresor,-2;
estupenda,3;
estupenda,4;
estupendo,3;
estupendo,4;
estupida,-4;
estupida,-2;
estupidamente,-2;
estupido,-4;
estupido,-2;
etica,2;
etico,2;
euforia,3;
euforica,4;
euforico,4;
evita,-1;
evita,-1;
evitada,-1;
evitada,-1;
evitado,-1;
evitado,-1;
evitar,-1;
evitar,-1;
evitar,-1;
exagera,-2;
exageracion,-2;
exageraciones,-2;
exagerada,-2;
exagerado,-2;
exageranda,-2;
exagerando,-2;
exagerar,-2;
exagerar,-2;
exaltada,3;
exaltado,3;
exasperada,2;
exasperante,-2;
excelencia,3;
excelente,3;
excepcional,5;
excitar,3;
excluidas,-2;
excluidos,-2;
excluir,-1;
exclusion,-1;
exclusiva,2;
exclusivo,2;
excusa,-1;
exhaustiva,2;
exhaustivo,2;
exigente,-1;
exigida,-1;
exigido,-1;
eximir,-1;
exita,2;
exito,2;
exito de taquilla,3;
exitosa,3;
exitoso,3;
exonera,2;
exonerada,2;
exonerado,2;
exoneranda,2;
exonerando,2;
exonerar,2;
expande,1;
expandir,1;
exploits,-2;
exploracion,1;
exploraciones,1;
explotada,-2;
explotada,-2;
explotado,-2;
explotado,-2;
explotanda,-2;
explotando,-2;
explotar,-2;
expone,-1;
exponer,-1;
exposicion,-1;
expuesta,-1;
expuesto,-1;
expulsa,-2;
expulsada,-2;
expulsado,-2;
expulsanda,-2;
expulsando,-2;
expulsar,-2;
extasiar,3;
extasis,2;
extatica,4;
extatica,4;
extatico,4;
extatico,4;
extiende,1;
extraña,-2;
extraña,-1;
extraña,-2;
extrañamente,-1;
extraño,-2;
extraño,-1;
extraño,-2;
exuberante,4;
exultante,3;
fabulosa,4;
fabuloso,4;
facil,1;
facilitar,2;
factores de estres,-2;
faggots,-3;
falla,-2;
fallar,-2;
falsificacion,-3;
falsificaciones,-3;
falsificada,-3;
falsificado,-3;
falsificar,-3;
falso,-2;
falso,-3;
irrespetuosa,-2;
irrespetuoso,-2;
fama,1;
famelica,-2;
famelico,-2;
fanatica,-2;
fanatico,-2;
fanaticos,-2;
fantasma,-1;
fantastica,4;
fantastico,4;
farsa,-1;
farsa,-2;
fascina,3;
fascinada,3;
fascinado,3;
fascinante,3;
fascinar,3;
fascista,-2;
fascistas,-2;
fastidiosa,-2;
fastidioso,-2;
fatalidad,-3;
fatiga,-2;
fatigada,-2;
fatigado,-2;
fatigas,-2;
fatigosa,-2;
fatigoso,-2;
favor,2;
favorecida,2;
favorecido,2;
favores,2;
favorita,2;
favorita,2;
favorito,2;
favorito,2;
favoritos,2;
fe,1;
fea,-3;
felicidad,3;
felicidad,3;
felicidades,2;
felicitaciones,2;
felicitar,2;
feliz,3;
feo,-3;
ferviente,2;
fervorosa,2;
fervoroso,2;
festiva,2;
festivo,2;
fiasca,-3;
fiasco,-3;
fiel,3;
filtrada,-1;
finge,-1;
fingir,-1;
firme,2;
flop,-2;
fobica,-2;
fobico,-2;
follada,-4;
fortalece,2;
fortalecer,2;
fortalecimienta,2;
fortalecimiento,2;
fortificada,2;
fortificado,2;
forzada,-1;
forzado,-1;
fracasa,-2;
fracasa,-2;
fracaso,-2;
fracaso,-2;
fracasos,-2;
frase,-2;
frases,-2;
fraude,-4;
fraude,-4;
fraudes,-4;
fraudulenta,-4;
fraudulento,-4;
frenesi,-3;
frenetica,-1;
frenetico,-1;
fresca,1;
fresco,1;
frikin,-2;
frotis,-2;
frustra,-2;
frustracion,-2;
frustrada,-2;
frustrada,-2;
frustrado,-2;
frustrado,-2;
frustrante,-2;
frustrar,-2;
frustrar,-2;
frustrar,-2;
ftw,3;
fuckface,-4;
fuckhead,-4;
fucktard,-4;
fud,-3;
fuega,-2;
fuego,-2;
fuerte,2;
fuerza,2;
fuga,-1;
fuked,-4;
fuking,-4;
fumante,-2;
funeral,-1;
funerales,-1;
furiosa,-3;
furioso,-3;
furtiva,-1;
furtivo,-1;
futil,2;
galante,3;
galanteria,3;
galardonada,3;
galardonado,3;
gallardamente,3;
gamberra,-2;
gamberrisma,-2;
gamberrismo,-2;
gamberro,-2;
ganada,2;
ganado,2;
ganador,4;
ganancia,2;
ganancias,2;
gananda,2;
ganando,2;
ganar,4;
garantia,1;
gemia,-2;
gemida,-2;
gemidas,-2;
gemidas,-2;
gemido,-2;
gemidos,-2;
gemidos,-2;
generosa,2;
generoso,2;
genial,3;
gilipollas,-4;
gilipollas,-3;
gilipollas,-4;
gilipollas,-3;
glamour,3;
gloria,2;
gloriosa,2;
glorioso,2;
golpe,-2;
golpeada,-1;
golpeado,-1;
gorron,-2;
gracia,1;
gracias,2;
gracias,2;
graciosa,4;
gracioso,4;
grande,1;
grandiosa,3;
grandioso,3;
graniza,2;
granizada,2;
granizado,2;
granizo,2;
gratificacion,2;
gratificante,2;
gratis,1;
grave,-2;
greenwasher,-3;
greenwashers,-3;
gripe,-2;
gris,-1;
gris,-1;
grita,-2;
gritada,-2;
gritado,-2;
gritanda,-2;
gritando,-2;
gritar,-2;
grito,-2;
guarida,-1;
guau,4;
guay,1;
guerra,-2;
guerra,-2;
gusto,2;
gustos,2;
fallida,-2;
fallado,-2;
habil,2;
habilidades,2;
hacer daña,-2;
hacer daño,-2;
hacer descarrilar,-2;
hacha,-1;
hackeada,-1;
hackeado,-1;
hahahah,3;
hambre,-2;
harta,-3;
harto,-3;
herir,-2;
hermosa,3;
hermosamente,3;
heroe,2;
heroes,2;
heroica,3;
heroico,3;
hijo de puta,-5;
hijo de puta,-5;
hijos de puta,-4;
hipocrita,-2;
histeria,-3;
histerica,-3;
histerico,-3;
histerisma,-3;
histerismo,-3;
homenaje,2;
homenaje,2;
honesta,2;
honesto,2;
honor,2;
honor,2;
honrada,2;
honrada,2;
honrado,2;
honrado,2;
hooligans,-2;
horrenda,-3;
horrenda,-3;
horrendo,-3;
horrendo,-3;
horrible,-3;
horrible,-3;
horrible,-3;
horrorizada,-3;
horrorizado,-3;
hosca,-2;
hosco,-2;
hostil,-2;
huelga,-1;
huelgas,-1;
humerous,3;
humillacion,-3;
humillada,-3;
humillado,-3;
humor,2;
humor,2;
humoristica,2;
humoristico,2;
hurra,5;
huye,-1;
idiota,-3;
idiota,-3;
idiota,-3;
ignora,-1;
ignorada,-2;
ignorada,-2;
ignorado,-2;
ignorado,-2;
ignorancia,-2;
ignorante,-2;
ignorar,-1;
ilegal,-3;
ilumina,2;
iluminar,2;
ilustrada,2;
ilustrado,2;
imbecil,-3;
imbecil,-3;
imbecil,-2;
impaciente,-2;
impar,-2;
imparable,2;
imparcial,2;
impedida,-1;
impedido,-1;
imperfecta,-2;
imperfecto,-2;
impermeable,2;
implacable,-1;
impone,-1;
imponente,-1;
imponer,-1;
importancia,2;
importante,2;
importar,1;
impotente,-2;
impotente,-2;
impresiona,3;
impresionada,3;
impresionada,-2;
impresionado,3;
impresionado,-2;
impresionante,3;
impresionar,3;
impuesta,-1;
impuesto,-1;
impulsada,1;
impulsado,1;
impulsar,1;
inaccion,-2;
inaceptable,-2;
inadecuada,-2;
inadecuado,-2;
incapacidad,-2;
incapacitada,-2;
incapacitado,-2;
incapacitante,-1;
incapaz,-2;
incierta,-1;
incierto,-1;
incomoda,-2;
incomodo,-2;
incompetencia,-2;
incompetente,-2;
incomprendida,-2;
incomprendido,-2;
inconexa,-2;
inconexo,-2;
inconfirmada,-1;
inconfirmado,-1;
inconsciente,-2;
inconveniencia,-2;
inconveniente,-2;
incorrecta,-2;
incorrecto,-2;
incredula,-1;
incredulo,-1;
increible,4;
increible,-1;
incrementar,1;
incumplida,-2;
indecisa,-2;
indecisa,-1;
indeciso,-2;
indeciso,-1;
indefensa,-2;
indefensa,-2;
indefenso,-2;
indefenso,-2;
indeseable,-2;
indestructible,2;
indiferencia,-2;
indiferencia,-2;
indiferente,-2;
indignacion,-2;
indignada,-2;
indignada,-2;
indignadas,-3;
indignado,-2;
indignado,-2;
indignados,-3;
indigno de,-2;
indulgente,1;
indulgente,1;
indultas,2;
indultos,2;
ineficaz,-2;
ineficazmente,-2;
inestable,-1;
inestable,-2;
infantil,-2;
infatuacion,2;
infectada,-2;
infectado,-2;
infeliz,-2;
inferior,-2;
infierna,-4;
infierno,-4;
influyente,2;
informacion erronea,-2;
infortunia,-2;
infortunio,-2;
infraccion,-2;
infractor,-2;
ingenua,-2;
ingenuo,-2;
inhibir,-1;
injusta,-2;
injusticia,-2;
injusto,-2;
inmortal,2;
inmovilizada,-1;
inmovilizado,-1;
inmune,1;
innova,1;
innovacion,1;
innovador,2;
innovar,1;
inquieta,-2;
inquieto,-2;
inquisicion,-2;
inquisitiva,2;
inquisitivo,2;
insalubre,-2;
insana,-2;
insano,-2;
insatisfecha,-2;
insatisfecho,-2;
insegura,-1;
inseguro,-1;
insensibilidad,-2;
insensible,-2;
insignificante,-2;
insipida,-2;
insipido,-2;
insistente,-1;
insomnia,-2;
insomnio,-2;
inspira,2;
inspiracion,2;
inspirada,2;
inspirado,2;
inspirador,3;
inspirar,2;
insulta,-2;
insultada,-2;
insultado,-2;
insultante,-2;
insultas,-2;
insulto,-2;
insultos,-2;
intacta,2;
intacto,2;
integridad,2;
inteligente,2;
intensa,1;
intenso,1;
interesada,2;
interesado,2;
interesante,2;
interesar,1;
intereses,1;
interrogada,-2;
interrogado,-2;
interrogatoria,-1;
interrogatorio,-1;
interrumpida,-2;
interrumpido,-2;
interrumpienda,-2;
interrumpiendo,-2;
interrumpir,-2;
interrupcion,-2;
interrupciones,-2;
intimida,-2;
intimidacion,-2;
intimidante,-2;
intimidar,-2;
intitulada,1;
intitulado,1;
intrepida,2;
intrepido,2;
intrigas,1;
intrincada,2;
intrincado,2;
inutil,-2;
inutilidad,-2;
invencible,2;
invitacion,1;
invulnerable,2;
ironia,-1;
ironica,-1;
ironico,-1;
irracional,-1;
irresistible,2;
irresoluta,-2;
irresoluto,-2;
irresponsable,2;
irreversible,-1;
irritada,-2;
irritada,-3;
irritado,-2;
irritado,-3;
irritante,-3;
irritante,-2;
irritar,-3;
jackasses,-4;
jactanciosa,-2;
jactancioso,-2;
jaja,3;
jajaja,3;
jesus,1;
jocosa,2;
jocoso,2;
jovial,2;
joya,1;
joyas,1;
jubilosa,3;
jubiloso,3;
jugueton,2;
juicio hipotecaria,-2;
juicio hipotecario,-2;
justa,2;
justicia,2;
justificada,2;
justificadamente,2;
justificado,2;
juvenil,2;
kills,-3;
kinder,2;
ladron,-2;
lag,-2;
lagrimas,-2;
lamentable,-3;
lamentanda,-2;
lamentando,-2;
lamentar,-2;
languida,-2;
languido,-2;
lanzada,1;
lanzado,1;
lastima,-2;
lastimosa,-2;
lastimoso,-2;
late,-2;
latosa,-2;
latoso,-2;
laughting,1;
lavado del cerebro,-3;
lavado verde,-3;
lawl,3;
leal,3;
lealtad,3;
leer mal,-1;
legal,1;
legalmente,1;
lenta,-2;
lento,-2;
lesion,-2;
lesionada,-2;
lesionado,-2;
letarga,-2;
letargica,-2;
letargico,-2;
letargo,-2;
lia,-2;
libertad,2;
limitacion,-1;
limitada,-1;
limitado,-1;
limites,-1;
limpiador,2;
limpiar,2;
linda,2;
lio,-2;
lista,-2;
listo,-2;
litigia,-1;
litigio,-1;
litigiosa,-2;
litigioso,-2;
livida,-2;
livido,-2;
llanta,-2;
llanto,-2;
llantos,-2;
llegar,1;
lleno de alegria,4;
lleno de savia,-1;
llorada,-2;
llorado,-2;
lloranda,-2;
llorando,-2;
llorar,-2;
lluviosa,-1;
lluvioso,-1;
lmaa,4;
lmao,4;
lmfaa,4;
lmfao,4;
lo sienta,-1;
lo siento,-1;
loca,-2;
locamente,-3;
loco,-2;
locos,-3;
locura,-3;
logra,2;
lol,3;
spammers,-3;
lovelies,3;
lucha,-1;
luchada,-2;
luchado,-2;
luchanda,-2;
luchando,-2;
luchas,-2;
lugubre,-2;
lunatica,-3;
lunatico,-3;
luta,-2;
luto,-2;
madura,2;
maduro,2;
magnifica,5;
magnifico,5;
mal,-3;
mal comportamiento,-2;
mal humor,-2;
mal informada,-2;
mal informado,-2;
mala,-3;
maldice,-2;
maldicienda,-2;
maldiciendo,-2;
maldicion,-4;
maldita,-4;
maldita sea,-4;
maldito,-4;
malentendida,-2;
malentendido,-2;
malentiende,-2;
males,-1;
malevola,-2;
malevolo,-2;
malhumorada,-2;
malhumorado,-2;
malinterpretada,-2;
malinterpretado,-2;
malo,-3;
malvada,-2;
malvado,-2;
mancha,2;
manifestantes,-2;
manipulacion,-1;
manipulada,-1;
manipulado,-1;
maravilla,3;
maravillas,3;
maravillosa,4;
maravilloso,4;
mareada,-2;
mareado,-2;
maricon,-3;
mas baja,-1;
mas brillante,2;
mas divertida,4;
mas divertido,4;
mas dura,-2;
mas duras,-2;
mas duro,-2;
mas fuerte,2;
mas inteligente,2;
mas loca,-2;
mas oscura,-2;
mas pobre,-2;
mas resistentes,2;
mas sucia,-2;
mas sucio,-2;
matar,-3;
maton,-2;
mayor,3;
gusta,2;
gusto,2;
meanda,-3;
meando,-3;
mear,-4;
medalla,3;
mediocridad,-3;
meditativa,1;
meditativo,1;
mejor,3;
mejor que,2;
mejora,2;
mejorada,2;
mejorado,2;
mejoranda,2;
mejorando,2;
mejorar,2;
melancolia,-2;
melancolica,-2;
melancolico,-2;
menospreciada,-2;
menospreciado,-2;
menospreciar,-2;
menosprecie,-2;
mentirosa,-3;
mentiroso,-3;
mentirosos,-3;
mercachifle,-2;
metodica,2;
metodico,2;
mieda,-2;
miedo,-2;
miedosa,2;
miedoso,2;
mierda,-4;
milagra,4;
milagro,4;
minada,-2;
minado,-2;
minanda,-2;
minando,-2;
mintio,-2;
miope,-2;
miopia,-2;
mirthfully,3;
miserable,-3;
miseria,-2;
misericordia,2;
misteriosa,-2;
misterioso,-2;
mita,-1;
mito,-1;
moda,-2;
molesta,-2;
molesta,-4;
molestada,-2;
molestado,-2;
molestar,-2;
molestia,-2;
molesto,-4;
mongering,-2;
monopoliza,-2;
monopolizada,-2;
monopolizado,-2;
monopolizar,-2;
moping,-1;
mordaz,-3;
mordaza,-2;
morir,-3;
morir de hambre,-2;
motivacion,1;
motivada,2;
motivado,2;
motivador,2;
motivar,1;
muere de hambre,-2;
muerta,-3;
muerte,-2;
muerto,-3;
muriendo de hambre,-2;
murio,-3;
musaraña,-4;
n00b,-2;
na,-1;
natural,1;
necesitada,-2;
necesitado,-2;
negada,-2;
negado,-2;
negador,-2;
negadores,-2;
neganda,-2;
negando,-2;
negandose,-2;
negar,-2;
negativa,-2;
negatividad,-2;
negativo,-2;
negligencia,-2;
negligencias,-2;
negociar,2;
negrita,2;
nervios,-1;
nerviosa,-2;
nerviosamente,-2;
nervioso,-2;
niebla toxica,-2;
niega,-2;
niggas,-5;
nigger,-5;
no,-1;
no amable,-2;
no aprobada,-2;
no aprobado,-2;
no creer,-2;
no deseada,-2;
no deseado,-2;
no es divertida,-3;
no es divertido,-3;
no esta bien,-2;
no funciona,-3;
no profesional,-2;
no puede soportar,-3;
no sofisticada,-2;
no sofisticado,-2;
disgusta,-2;
noble,2;
nostalgica,-2;
nostalgico,-2;
notable,2;
notoria,-2;
notorio,-2;
novata,-2;
novato,-2;
novela,2;
nubes,-2;
nublada,-1;
nueces,-3;
objeto de dumping,-2;
obligada,1;
obligado,1;
obligatoria,-1;
obligatorio,-1;
obliterada,-2;
obliterado,-2;
obliterar,-2;
obra maestra,4;
obras maestras,4;
obscena,-2;
obsceno,-2;
obsesionada,-2;
obsesionado,-2;
obsesionante,1;
obsoleta,-2;
obsoleto,-2;
obstacula,-2;
obstaculo,-2;
obstaculos,-2;
obstinada,-2;
obstinado,-2;
obstruida,-1;
obstruido,-1;
ocultacion,-1;
odia,-3;
odiada,-3;
odiado,-3;
odianda,-3;
odiando,-3;
odio,-3;
odios,-3;
ofende,-2;
ofender,-2;
ofendida,-2;
ofendido,-2;
oferta,2;
ojala,2;
oks,2;
olvidada,-1;
olvidadiza,-2;
olvidadizo,-2;
olvidado,-1;
olvidar,-1;
ominosa,3;
ominoso,3;
oportunidad,2;
oportunidades,2;
opresiva,-2;
opresivo,-2;
oprimidas,-2;
oprimidos,-2;
optimisma,2;
optimismo,2;
optimista,2;
optionless,-2;
ora,1;
orar,1;
orgulla,2;
orgullo,2;
orgullosa,2;
orgulloso,2;
oscuridad,-1;
outmaneuvered,-2;
overreacted,-2;
overselling,-2;
oversells,-2;
oximoron,-1;
pacifica,2;
pacifico,2;
paga,-1;
pagada,2;
pagado,2;
paja,-2;
paliza,-1;
panica,-3;
panico,-3;
panicos,-3;
parada,-1;
paradas,-1;
paradoja,-1;
paraisa,3;
paraiso,3;
parcial,-2;
parcialidad,-1;
pardoning,2;
parlamentar,-1;
parodia,-2;
paros,-2;
parte superior,2;
partidarios,1;
pasada,-1;
pasado,-1;
pasado por alta,-1;
pasado por alto,-1;
pasiva,-1;
pasivamente,-1;
pasivo,-1;
pasmosamente,3;
patetica,-2;
patetico,-2;
pavor,-2;
paz,2;
pecaminosa,-3;
pecaminoso,-3;
peligra,-2;
peligro,-2;
pena,-2;
penetracion,3;
pensativa,-1;
pensativa,2;
pensativo,-1;
pensativo,2;
peor,-3;
perdedor,-3;
perder,-2;
perdida,-2;
perdida,-3;
perdido,-2;
perdienda,-3;
perdiendo,-3;
perdio,-3;
perdon,2;
perdonada,2;
perdonado,2;
perdonar,1;
perezosa,-1;
perezoso,-1;
perfecciona,2;
perfeccionada,2;
perfeccionado,2;
perfecta,3;
perfectamente,3;
perfecto,3;
perjudicada,-2;
perjudicado,-2;
perjudicial,-2;
perjuria,-3;
perjurio,-3;
permitir,1;
perpleja,-2;
perplejo,-2;
perra,-5;
perras,-5;
perseguidas,-2;
perseguidos,-2;
perseguir,-2;
persigue,-2;
perspectiva,1;
perspectivas,1;
perturba,-2;
perturbada,-2;
perturbado,-2;
perturbador,-2;
pesima,-2;
pesimisma,-2;
pesimismo,-2;
pesimista,-2;
pesimo,-2;
petrificada,-2;
petrificado,-2;
picada,-2;
picado,-2;
picante,-2;
pierde,-3;
pinchaza,-5;
pinchazo,-5;
pintoresca,2;
pintoresco,2;
pique,-2;
pistola,-1;
placer,3;
pobre,-2;
pobreza,-1;
poco clara,-1;
poco claro,-1;
poco etica,-2;
poco etico,-2;
poderosa,2;
poderoso,2;
polemica,-2;
polemico,-2;
polla,-5;
popular,3;
por favor,1;
por suerte,3;
porta mal,-2;
portado mal,-2;
portarse mal,-2;
posesiva,-2;
posesivo,-2;
posibilidades,2;
positiva,2;
positivo,2;
pospone,-1;
posponer,-1;
posponienda,-1;
posponiendo,-1;
pospuesta,-1;
pospuesto,-1;
prblm,-2;
prblms,-2;
pregonan,-2;
premia,3;
premio,3;
premios,3;
preocupacion,-3;
preocupada,-3;
preocupado,-3;
preocupante,-3;
preparada,1;
preparado,1;
presar,-2;
presion,-1;
presionada,-2;
presionado,-2;
presionadas,-2;
presionados,-2;
prestigia,3;
prestigio,3;
pretendienda,-1;
pretendiendo,-1;
prevencion,-1;
prevenida,-2;
prevenido,-2;
previene,-1;
prision,-2;
prisionera,-2;
prisionero,-2;
prisioneros,-2;
privacion,-2;
privar,-2;
privilegiada,2;
privilegiado,2;
proactiva,2;
proactivo,2;
problema,-2;
problemas,-2;
procesada,-2;
procesado,-2;
progresa,2;
progreso,2;
prohibicion,-2;
prohibida,-2;
prohibido,-2;
promesa,1;
promesas,1;
prometida,1;
prometido,1;
prominente,2;
promocionada,-2;
promocionado,-2;
promover,1;
promovida,1;
promovido,1;
promovienda,1;
promoviendo,1;
promueve,1;
propaganda,-2;
prospera,3;
prospero,3;
protege,1;
proteger,1;
protegida,1;
protegido,1;
protesta,-2;
protestar,-2;
protestas,-2;
provoca,-1;
provocada,-1;
provocado,-1;
provocador,-1;
provocar,-1;
pseudociencia,-3;
puesta,-2;
puesto,-2;
punitiva,-2;
punitivo,-2;
punto de referencia,2;
punto muerta,-2;
punto muerto,-2;
puñalada,-2;
puñaladas,-2;
pusilanime,-2;
puta,-5;
puto,-5;
que cae,-1;
queja,-2;
quejada,-2;
quejado,-2;
quejar,-2;
querer,1;
querida,3;
querida,2;
querido,3;
querido,2;
rabia,-2;
rabiosa,-2;
rabioso,-2;
racion,2;
racisma,-3;
racismo,-3;
racista,-3;
racistas,-3;
ranter,-3;
ranters,-3;
rantes,-3;
rapida,2;
rapidamente,2;
rapido,2;
rapta,2;
raptadas,2;
raptados,2;
rapto,2;
rasgada,-2;
rasgado,-2;
ratificada,2;
ratificado,2;
realce,2;
realizable,1;
realizar,2;
reanimar,2;
rebelion,-2;
recela,-2;
recelo,-2;
recesion,-2;
rechaza,-1;
rechazada,-2;
rechazada,-1;
rechazado,-2;
rechazado,-1;
rechazanda,-1;
rechazando,-1;
rechazar,-1;
recomendada,2;
recomendado,2;
recomendar,2;
recomienda,2;
recompensa,2;
recompensada,2;
recompensado,2;
recompensas,2;
recortada,-2;
recortado,-2;
recortes,-1;
redimida,2;
redimido,2;
refugios,-1;
regala,2;
regalo,2;
regaña,-2;
regaño,-2;
regate,-2;
regocija,3;
regocija,4;
regocijada,3;
regocijada,4;
regocijado,3;
regocijado,4;
reivindica,2;
reivindicanda,2;
reivindicando,2;
relajada,2;
relajado,2;
relieves,1;
remordimienta,-2;
remordimiento,-2;
renuncia,-1;
renunciar,-1;
repelida,-2;
repelido,-2;
rescatada,2;
rescate,-2;
rescate,2;
rescates,2;
resentida,-2;
resentido,-2;
residuos,-1;
resignada,-1;
resignado,-1;
resistente,2;
resolucion,1;
resolver,2;
resolver,1;
respalda,2;
respaldadas,1;
respaldados,1;
respetada,2;
respetado,2;
responsable,2;
restauracion,1;
restauraciones,1;
restaurada,1;
restaurar,1;
restos,-2;
restriccion,-2;
restringe,-2;
restringida,-2;
restringido,-2;
restringienda,-2;
restringiendo,-2;
restringir,-2;
resuelta,2;
resuelta,1;
resuelto,2;
resuelto,1;
resuelve,2;
resuelve,1;
reta,-1;
retardar,-2;
retenida,-1;
retenido,-1;
retirada,-1;
retirada,-2;
retirada,-3;
reto,-1;
retozon,2;
retrasa,-1;
retrasada,-1;
retrasada,-2;
retrasado,-1;
retrasado,-2;
retrasar,-1;
retraso,-1;
revendedor,-2;
revendedores,-2;
reverenciada,2;
reverenciado,2;
revive,2;
rezagada,-2;
rezagado,-2;
rezar,1;
rica,2;
rico,2;
ridicula,-3;
ridiculiza,-2;
ridiculizada,-2;
ridiculizado,-2;
ridiculizar,-2;
ridiculo,-3;
riesga,-2;
riesgo,-2;
riesgos,-2;
rigurosa,3;
rigurosamente,3;
riguroso,3;
rio,1;
riqueza,3;
risa,1;
risas,1;
robada,-2;
robado,-2;
robar,-2;
robing,-2;
robos,-2;
robs,-2;
robusta,2;
robusto,2;
rofl,4;
roflcopter,4;
roflmaa,4;
roflmao,4;
romance,2;
rompio,-1;
rota,-1;
rotfl,4;
rotflmfaa,4;
rotflmfao,4;
rotflol,4;
roto,-1;
ruda,-3;
rudo,-3;
ruidosa,-1;
ruidoso,-1;
ruina,-2;
ruptura,-2;
saboreanda,2;
saboreando,2;
sabotaje,-2;
sabrosa,3;
sabroso,3;
saliente,1;
saluda,1;
saludable,2;
saludada,1;
saludado,1;
saludar,1;
saludas,2;
saludo,1;
saludos,2;
salvada,2;
salvado,2;
salvar,2;
salvavidas,4;
sangrienta,-3;
sangriento,-3;
sarcastica,-2;
sarcastico,-2;
satisfecha,3;
satisfecha,2;
satisfecho,3;
satisfecho,2;
secuestra,-2;
secuestrada,-2;
secuestrado,-2;
secuestro,-2;
secuestros,-2;
secundaria,1;
secundario,1;
sedicion,-2;
sediciosa,-2;
sedicioso,-2;
seducir,-1;
seguidor,1;
segura,1;
segura,2;
seguridad,1;
seguro,1;
seguro,2;
seguro de si misma,2;
seguro de si mismo,2;
sensacion,1;
sensible,2;
sentencia,-2;
cordial,3;
separada,-1;
separado,-1;
serena,2;
sereno,2;
seria,2;
serio,2;
servicial,2;
sexy,3;
shamed,-2;
si,1;
significado,1;
significativa,2;
significativa,1;
significativo,2;
significativo,1;
silenciamiento,-1;
simpatia,2;
simpatica,2;
simpatico,2;
simplificado,-2;
simplificada,-2;
simplificar,-2;
sin acreditar,-1;
sin amor,-2;
sin animo,-2;
sin apoyo,-2;
sin dientes,-2;
sin encanto,-3;
sin esperanza,-2;
sin garantia,-2;
sin igual,2;
sin inteligencia,-2;
sin par,1;
sin peligro,1;
sin sentido,-2;
sin tacha,2;
sin valor,-2;
sincera,2;
sinceramente,2;
sinceridad,2;
sincero,2;
singleminded,-2;
slickest,2;
smiled,2;
snubbing,-2;
soborna,-3;
soborno,-3;
sobrecarga,-1;
sobrecargar,-2;
sobrepesa,-1;
sobrepeso,-1;
sobrereacciona,-2;
sobrereaccionar,-2;
sobrerreaccion,-2;
sobresimplifica,-2;
sobresimplificacion,-2;
sobreviviente,2;
sobrevivio,2;
socava,-2;
socavar,-2;
sofisticada,2;
sofisticado,2;
sofocada,-1;
sofocado,-1;
sol,2;
sola,-2;
solemne,-1;
solida,2;
solidaridad,2;
solido,2;
solitaria,-2;
solitario,-2;
solo,-2;
soltar,-1;
solucion,1;
soluciones,1;
sombria,-2;
sombrio,-2;
sonreir,2;
sonriente,2;
sonrisas,2;
soportada,2;
soportado,2;
soportes,2;
sorprende,2;
sorprendida,-2;
sorprendido,-2;
sosegada,2;
sosegado,2;
sospecha,-1;
sospechanda,-1;
sospechando,-1;
sospechar,-1;
sospechosos,-1;
spammer,-3;
spamming,-2;
squelched,-1;
subestimaciones,-1;
subestimada,-1;
subestimado,-1;
subestimar,-1;
subsidios,1;
subversiva,-2;
subversivo,-2;
sucia,-2;
suciedad,-2;
sucio,-2;
suelta,-3;
suelto,-3;
sueña,1;
sueño,1;
sueños,1;
suerte,3;
suficiente,-2;
sufre,-2;
sufrimienta,-2;
sufrimiento,-2;
sufrir,-2;
suicida,-2;
suicidia,-2;
suicidio,-2;
super,3;
superar a,2;
superior,2;
suspender,-1;
suspendida,-1;
suspendido,-1;
suspicaz,-2;
suspira,-2;
suspiro,-2;
susta,-2;
sustancial,1;
sustancialmente,1;
susto,-2;
tacaña,-2;
tacaño,-2;
tapas,2;
tard,-2;
tedia,-2;
tedio,-2;
telar,-1;
telares,-1;
temblante,-2;
temblor,-2;
temblorosa,-2;
tembloroso,-2;
temeraria,2;
temeraria,-2;
temerario,2;
temerario,-2;
temerosa,-2;
temeroso,-2;
temible,-2;
temida,-2;
temido,-2;
temienda,-2;
temiendo,-2;
temperamental,-1;
tensa,-2;
tension,-1;
tenso,-2;
tergiversacion,-2;
terrible,-3;
terriblemente,-3;
terror,-3;
tesora,2;
tesoro,2;
tesoros,2;
tetas,-2;
tiempa,-2;
tiempo,-2;
timida,-2;
timida,-1;
timido,-2;
timido,-1;
timorata,-2;
timorato,-2;
tipa,2;
tipo,2;
tolerante,2;
tonta,-3;
tonta,-2;
tonta,-1;
tontas,-2;
tonto,-3;
tonto,-2;
tonto,-1;
tontos,-2;
torpe,-2;
tortura,-4;
torturada,-4;
torturado,-4;
torturas,-4;
totalitaria,-2;
totalitario,-2;
totalitarisma,-2;
totalitarismo,-2;
tragedia,-2;
tragica,-2;
tragico,-2;
tragona,-5;
traicion,-3;
traiciona,-3;
traicionada,-3;
traicionado,-3;
traicionar,-3;
traicionera,-3;
traicionero,-3;
tramada,-2;
tramado,-2;
trampa,-1;
tramposa,-3;
tramposo,-3;
tramposos,-3;
tranquila,2;
tranquiliza,1;
tranquilizada,1;
tranquilizado,1;
tranquilizador,2;
tranquilizar,1;
tranquilo,2;
trapacera,-3;
trapacero,-3;
trastorna,-2;
trastornada,-2;
trastornado,-2;
trastornador,-2;
trastorno,-2;
trastornos,-2;
trauma,-3;
traumatica,-3;
traumatico,-3;
travesura,-1;
treasonous,-3;
tremula,-2;
tremulo,-2;
triste,-2;
tristemente,-2;
triunfa,4;
triunfante,4;
triunfo,4;
tuguria,-1;
tugurio,-1;
tumba,-2;
tumor,-2;
tunica,-2;
una vez en la vida,3;
unida,1;
unido,1;
unificada,1;
unirse,1;
unresearched,-2;
urgente,-1;
util,2;
utilidad,2;
vacia,-1;
vacilante,-2;
vacilante,-1;
vacilar,-2;
vacio,-1;
vaga,-2;
vago,-2;
valida,1;
validada,1;
validado,1;
validar,1;
valiente,2;
valientemente,2;
valor,2;
vana,-2;
vano,-2;
vejacion,-2;
vencida,-2;
vencido,-2;
venena,-2;
veneno,-2;
venenos,-2;
venganza,-2;
vengativa,-2;
vengativo,-2;
ventaja,2;
ventajas,2;
ventilador,3;
veredicta,-1;
veredicto,-1;
veredictos,-1;
vergonzosa,-2;
vergonzoso,-2;
verguenza,-2;
vestibula,-2;
vestibulo,-2;
vibrante,3;
viciosa,-2;
vicioso,-2;
victima,-3;
victimas,-3;
victimas mortales,-3;
victimiza,-3;
victimizadora,-3;
victimizar,-3;
victorias,4;
victoriosa,4;
victorioso,4;
vigilante,3;
vil,-3;
vindicada,2;
vindicado,2;
vindicar,2;
viola,-2;
violacion,-4;
violada,-2;
violado,-2;
violador,-4;
violar,-2;
violencia,-3;
violenta,-3;
violento,-3;
virtuosa,2;
virtuoso,2;
virulenta,-2;
virulento,-2;
vision,1;
visionaria,3;
visionario,3;
visiones,1;
vitalidad,3;
vitamina,1;
vitriolica,-3;
vitriolico,-3;
viuda,-1;
viudo,-1;
viva,1;
vivaz,3;
vociferante,-1;
vulnerabilidad,-2;
vulnerable,-2;
winwin,3;
gano,3;
wooa,4;
woohoa,3;
woohoo,3;
wooo,4;
woow,4;
wowow,4;
wowww,4;
wtf,-4;
yeees,2;
